id,language,fleurs_config,wav,transcription,raw_transcription,sample_rate,channels,subtype,frames,duration_seconds,reference_normalized,hypothesis,hypothesis_normalized,decode_seconds,wrong_script
1904,en,en_us,dataset/en/001-1904.wav,however due to the slow communication channels styles in the west could lag behind by 25 to 30 year,"However, due to the slow communication channels, styles in the west could lag behind by 25 to 30 year.",16000,1,PCM_16,168960,10.560000,however due to the slow communication channels styles in the west could lag behind by 25 to 30 year,"However, due to the slow communication channels, styles in the west could lag behind by 25 to 30 years.",however due to the slow communication channels styles in the west could lag behind by 25 to 30 years,0.400918,false
1675,en,en_us,dataset/en/002-1675.wav,all nouns alongside the word sie for you always begin with a capital letter even in the middle of a sentence,"All nouns, alongside the word Sie for you, always begin with a capital letter, even in the middle of a sentence.",16000,1,PCM_16,140160,8.760000,all nouns alongside the word sie for you always begin with a capital letter even in the middle of a sentence,"All now's alongside the world's say for you, always begin with a capital letter, even in the middle of a sentence.",all now s alongside the world s say for you always begin with a capital letter even in the middle of a sentence,0.396083,false
1950,en,en_us,dataset/en/003-1950.wav,to the north and within easy reach is the romantic and fascinating town of sintra and which was made famous to foreigners after a glowing account of its splendours recorded by lord byron,To the north and within easy reach is the romantic and fascinating town of Sintra and which was made famous to foreigners after a glowing account of its splendours recorded by Lord Byron.,16000,1,PCM_16,183360,11.460000,to the north and within easy reach is the romantic and fascinating town of sintra and which was made famous to foreigners after a glowing account of its splendours recorded by lord byron,To the north and within easy reach is a romantic and fascinating town of St. Tra. which was made famous to foreigners after a glowing account of its splinters recorded by Lord Byron.,to the north and within easy reach is a romantic and fascinating town of st tra which was made famous to foreigners after a glowing account of its splinters recorded by lord byron,0.575389,false
1728,en,en_us,dataset/en/004-1728.wav,the cabbage juice changes color depending on how acidic or basic alkaline the chemical is,The cabbage juice changes color depending on how acidic or basic (alkaline) the chemical is.,16000,1,PCM_16,92160,5.760000,the cabbage juice changes color depending on how acidic or basic alkaline the chemical is,"The cabbage juice changes color depending on how acidic, basic alkaline the chemical is.",the cabbage juice changes color depending on how acidic basic alkaline the chemical is,0.261521,false
1972,en,en_us,dataset/en/005-1972.wav,many people don't think about them as dinosaurs because they have feathers and can fly,Many people don't think about them as dinosaurs because they have feathers and can fly.,16000,1,PCM_16,69120,4.320000,many people don t think about them as dinosaurs because they have feathers and can fly,Many people don't think about them as a dinosaur because they have feathers and can fly.,many people don t think about them as a dinosaur because they have feathers and can fly,0.260616,false
1938,en,en_us,dataset/en/006-1938.wav,the hospital has followed protocol for infection control including separating the patient from others to prevent possible infection of others,"The hospital has followed protocol for infection control, including separating the patient from others to prevent possible infection of others.",16000,1,PCM_16,182720,11.420000,the hospital has followed protocol for infection control including separating the patient from others to prevent possible infection of others,"The hospital has followed protocol for infection control, including separating the patient from others to prevent possible infection of others.",the hospital has followed protocol for infection control including separating the patient from others to prevent possible infection of others,0.379439,false
1876,en,en_us,dataset/en/007-1876.wav,the northern marianas emergency management office said that there were no damages reported in the nation,The Northern Marianas emergency management office said that there were no damages reported in the nation.,16000,1,PCM_16,172800,10.800000,the northern marianas emergency management office said that there were no damages reported in the nation,The Northern Marianna's Emergency Management Office said that there were no damages reported in the nation.,the northern marianna s emergency management office said that there were no damages reported in the nation,0.329951,false
1914,en,en_us,dataset/en/008-1914.wav,twentieth century research has shown that there are two pools of genetic variation hidden and expressed,Twentieth century research has shown that there are two pools of genetic variation: hidden and expressed.,16000,1,PCM_16,111360,6.960000,twentieth century research has shown that there are two pools of genetic variation hidden and expressed,20th century research has shown that there are two pools of genetic variation hidden and expressed.,20th century research has shown that there are two pools of genetic variation hidden and expressed,0.294098,false
1846,en,en_us,dataset/en/009-1846.wav,the aspect ratio of this format dividing by twelve to obtain the simplest whole-number ratio is therefore said to be 3:2,The aspect ratio of this format (dividing by twelve to obtain the simplest whole-number ratio) is therefore said to be 3:2.,16000,1,PCM_16,176640,11.040000,the aspect ratio of this format dividing by twelve to obtain the simplest whole number ratio is therefore said to be 3 2,"The Aspect ratio of this format, dividing by 12 to obtain the simplest whole number ratio, is therefore said to be free to 2.",the aspect ratio of this format dividing by 12 to obtain the simplest whole number ratio is therefore said to be free to 2,0.455812,false
1806,en,en_us,dataset/en/010-1806.wav,as light pollution in their heyday was not the kind of problem it is today they are usually located in cities or at campuses easier to reach than those built in modern times,"As light pollution in their heyday was not the kind of problem it is today, they are usually located in cities or at campuses, easier to reach than those built in modern times.",16000,1,PCM_16,158400,9.900000,as light pollution in their heyday was not the kind of problem it is today they are usually located in cities or at campuses easier to reach than those built in modern times,"As light pollution in their heyday was not the kind of problem it is today, they are usually located in cities or at campuses, easier to reach than those built in modern times.",as light pollution in their heyday was not the kind of problem it is today they are usually located in cities or at campuses easier to reach than those built in modern times,0.570044,false
1776,en,en_us,dataset/en/011-1776.wav,through the night between 150 and 200 copies were made now known as dunlap broadsides,"Through the night between 150 and 200 copies were made, now known as ""Dunlap broadsides"".",16000,1,PCM_16,76800,4.800000,through the night between 150 and 200 copies were made now known as dunlap broadsides,For the night between 150 and 200 copies were made now known as the lab broad size.,for the night between 150 and 200 copies were made now known as the lab broad size,0.272798,false
1729,en,en_us,dataset/en/012-1729.wav,for example each year students from bennet school in north carolina design a website about their trip to the state capital each year the website gets remodeled but old versions are kept online to serve as a scrapbook,"For example, each year students from Bennet School in North Carolina design a website about their trip to the State Capital, each year the website gets remodeled, but old versions are kept online to serve as a scrapbook.",16000,1,PCM_16,180480,11.280000,for example each year students from bennet school in north carolina design a website about their trip to the state capital each year the website gets remodeled but old versions are kept online to serve as a scrapbook,"For example, each year students from Bennett School in North Carolina to sign a website about their trips to the state capital. Each year the website gets remodeled, but old versions are kept online to service and scrapbook.",for example each year students from bennett school in north carolina to sign a website about their trips to the state capital each year the website gets remodeled but old versions are kept online to service and scrapbook,0.684869,false
1855,en,en_us,dataset/en/013-1855.wav,lion prides act much like packs of wolves or dogs animals surprisingly similar to lions but not other big cats in behavior and also very deadly to their prey,"Lion prides act much like packs of wolves or dogs, animals surprisingly similar to lions (but not other big cats) in behavior, and also very deadly to their prey.",16000,1,PCM_16,174720,10.920000,lion prides act much like packs of wolves or dogs animals surprisingly similar to lions but not other big cats in behavior and also very deadly to their prey,"Lion prize acts much like packs of wolves or dogs, animals surprisingly similar to lions but not other big cats in behavior and also very deadly to their prey.",lion prize acts much like packs of wolves or dogs animals surprisingly similar to lions but not other big cats in behavior and also very deadly to their prey,0.496538,false
1919,en,en_us,dataset/en/014-1919.wav,the city is also the base to climb the nyiragongo volcano along with some of the cheapest mountain gorilla tracking in africa,The city is also the base to climb the Nyiragongo volcano along with some of the cheapest Mountain Gorilla tracking in Africa.,16000,1,PCM_16,180480,11.280000,the city is also the base to climb the nyiragongo volcano along with some of the cheapest mountain gorilla tracking in africa,The city is also the base to climb the Nairagango volcano along with some of the cheapest mountain gorilla trafficking in Africa.,the city is also the base to climb the nairagango volcano along with some of the cheapest mountain gorilla trafficking in africa,0.455224,false
1802,en,en_us,dataset/en/015-1802.wav,the internet combines elements of both mass and interpersonal communication,The Internet combines elements of both mass and interpersonal communication.,16000,1,PCM_16,91520,5.720000,the internet combines elements of both mass and interpersonal communication,The internet combines elements of both mass and interpersonal communication.,the internet combines elements of both mass and interpersonal communication,0.199596,false
1711,en,en_us,dataset/en/016-1711.wav,these theories look at what it is about certain people that make them want the things that they do and what things in their environment will make them do or not do certain things,These theories look at what it is about certain people that make them want the things that they do and what things in their environment will make them do or not do certain things.,16000,1,PCM_16,248960,15.560000,these theories look at what it is about certain people that make them want the things that they do and what things in their environment will make them do or not do certain things,These can be still at what it is about certain people that make them want the things that they do and what things in their environment will make them do or not do certain things.,these can be still at what it is about certain people that make them want the things that they do and what things in their environment will make them do or not do certain things,0.651617,false
1685,en,en_us,dataset/en/017-1685.wav,for example the most common still image photography format in the world is 35mm which was the dominant film size at the close of the analog film era,"For example, the most common still image photography format in the world is 35mm, which was the dominant film size at the close of the analog film era.",16000,1,PCM_16,222720,13.920000,for example the most common still image photography format in the world is 35mm which was the dominant film size at the close of the analog film era,"For example, the most common still image photography format in the world is 35 millimeter, which was the dominant film size at the close of the analog film era.",for example the most common still image photography format in the world is 35 millimeter which was the dominant film size at the close of the analog film era,0.576952,false
1992,en,en_us,dataset/en/018-1992.wav,the term safari in popular use refers to overland travel to view the stunning african wildlife particularly on savanna,"The term safari in popular use refers to overland travel to view the stunning African wildlife, particularly on savanna.",16000,1,PCM_16,138240,8.640000,the term safari in popular use refers to overland travel to view the stunning african wildlife particularly on savanna,The terms Safari and popular loose refers to overland travel to view the stunning African wildlife particularly on savannah.,the terms safari and popular loose refers to overland travel to view the stunning african wildlife particularly on savannah,0.364814,false
2005,en,en_us,dataset/en/019-2005.wav,but there are a lot of things about birds that still look like a dinosaur,But there are a lot of things about birds that still look like a dinosaur.,16000,1,PCM_16,85760,5.360000,but there are a lot of things about birds that still look like a dinosaur,But there are other things about the stuff I looked like a dinosaur.,but there are other things about the stuff i looked like a dinosaur,0.231303,false
1982,en,en_us,dataset/en/020-1982.wav,women it is recommended that any women travellers say that they are married regardless of actual marital status,"Women: It is recommended that any women travellers say that they are married, regardless of actual marital status.",16000,1,PCM_16,162240,10.140000,women it is recommended that any women travellers say that they are married regardless of actual marital status,Women is recommended that any women travelers say that they are married regardless of actual marital status.,women is recommended that any women travelers say that they are married regardless of actual marital status,0.320838,false
1674,en,en_us,dataset/en/021-1674.wav,in some areas boiling water for a minute is enough in others several minutes are needed,"In some areas boiling water for a minute is enough, in others several minutes are needed.",16000,1,PCM_16,90240,5.640000,in some areas boiling water for a minute is enough in others several minutes are needed,"In some areas, boiling water for a minute is enough and other several minutes are needed.",in some areas boiling water for a minute is enough and other several minutes are needed,0.280497,false
1952,en,en_us,dataset/en/022-1952.wav,anyone who's going to drive at high latitudes or over mountain passes should consider the possibility of snow ice or freezing temperatures,"Anyone who's going to drive at high latitudes or over mountain passes should consider the possibility of snow, ice, or freezing temperatures.",16000,1,PCM_16,137280,8.580000,anyone who s going to drive at high latitudes or over mountain passes should consider the possibility of snow ice or freezing temperatures,"Anyone who's going to try that hot light of tubes are over, Mountain Passes check and sit at the possibility of snow, ice, or freezing temperatures.",anyone who s going to try that hot light of tubes are over mountain passes check and sit at the possibility of snow ice or freezing temperatures,0.485669,false
1752,en,en_us,dataset/en/023-1752.wav,as a result two fish species have become extinct and two others have become endangered including the humpback chub,"As a result, two fish species have become extinct, and two others have become endangered, including the humpback chub.",16000,1,PCM_16,183040,11.440000,as a result two fish species have become extinct and two others have become endangered including the humpback chub,"As a result, two fish species have become extinct and two others have become endangered, including the humpback chub.",as a result two fish species have become extinct and two others have become endangered including the humpback chub,0.418471,false
1749,en,en_us,dataset/en/024-1749.wav,it was ruled by the vichy french these were french people who had made peace with the germans in 1940 and worked with the invaders instead of fighting them,"It was ruled by the ""Vichy"" French. These were French people who had made peace with the Germans in 1940 and worked with the invaders instead of fighting them.",16000,1,PCM_16,153600,9.600000,it was ruled by the vichy french these were french people who had made peace with the germans in 1940 and worked with the invaders instead of fighting them,It was ruled by the Vicki French. These were French people who had made peace with the Germans in 1940 and worked with the invaders instead of fighting them.,it was ruled by the vicki french these were french people who had made peace with the germans in 1940 and worked with the invaders instead of fighting them,0.513956,false
1705,en,en_us,dataset/en/025-1705.wav,on 15 august 1940 the allies invaded southern france the invasion was called operation dragoon,"On 15 August 1940, the Allies invaded southern France, the invasion was called ""Operation Dragoon"".",16000,1,PCM_16,161920,10.120000,on 15 august 1940 the allies invaded southern france the invasion was called operation dragoon,"On August 15, 1940, the Allies invaded southern France, and the invasion was called Operation Dragoon.",on august 15 1940 the allies invaded southern france and the invasion was called operation dragoon,0.360681,false
1662,en,en_us,dataset/en/026-1662.wav,alloys are basically a mixture of two or more metals don't forget that there are many elements on the periodic table,Alloys are basically a mixture of two or more metals. Don't forget that there are many elements on the periodic table.,16000,1,PCM_16,134080,8.380000,alloys are basically a mixture of two or more metals don t forget that there are many elements on the periodic table,I always are basically a mixture of two or more metals. Don't forget there are many elements on the PRI.,i always are basically a mixture of two or more metals don t forget there are many elements on the pri,0.388084,false
1729,en,en_us,dataset/en/027-1729.wav,for example each year students from bennet school in north carolina design a website about their trip to the state capital each year the website gets remodeled but old versions are kept online to serve as a scrapbook,"For example, each year students from Bennet School in North Carolina design a website about their trip to the State Capital, each year the website gets remodeled, but old versions are kept online to serve as a scrapbook.",16000,1,PCM_16,182400,11.400000,for example each year students from bennet school in north carolina design a website about their trip to the state capital each year the website gets remodeled but old versions are kept online to serve as a scrapbook,"For example, each year students from Bennett School in North Carolina design a website about their trips to the state capital each year the website gets remodeled but older versions are kept online to serve as a scrapbook.",for example each year students from bennett school in north carolina design a website about their trips to the state capital each year the website gets remodeled but older versions are kept online to serve as a scrapbook,0.662135,false
1790,en,en_us,dataset/en/028-1790.wav,his work is of such recognized quality and detail that he is one of the very few household names among philatelists some specialize in collecting his work alone,"His work is of such recognized quality and detail that he is one of the very few ""household names"" among philatelists. Some specialize in collecting his work alone.",16000,1,PCM_16,234560,14.660000,his work is of such recognized quality and detail that he is one of the very few household names among philatelists some specialize in collecting his work alone,"His work is a such recognized quality in detail that he is one of the very few household names among philatellists, some specializing collecting his work alone.",his work is a such recognized quality in detail that he is one of the very few household names among philatellists some specializing collecting his work alone,0.576190,false
1858,en,en_us,dataset/en/029-1858.wav,danielle lantagne a un expert on the disease stated the outbreak was likely caused by the peacekeepers,"Danielle Lantagne, a UN expert on the disease, stated the outbreak was likely caused by the peacekeepers.",16000,1,PCM_16,100800,6.300000,danielle lantagne a un expert on the disease stated the outbreak was likely caused by the peacekeepers,"Daniel lentigame, a UN expert on the disease data that outbreak was likely caused by the peacekeepers.",daniel lentigame a un expert on the disease data that outbreak was likely caused by the peacekeepers,0.332485,false
1789,en,en_us,dataset/en/030-1789.wav,the other nominations include best picture director cinematography costume design film-editing original score production design sound editing sound mixing and original screenplay,"The other nominations include Best Picture, Director, Cinematography, Costume Design, Film-editing, Original Score, Production Design, Sound Editing, Sound Mixing and Original Screenplay.",16000,1,PCM_16,233600,14.600000,the other nominations include best picture director cinematography costume design film editing original score production design sound editing sound mixing and original screenplay,"The other nominations include Best Picture, Director of Cinematography, Cosline Design, Film Editing, Original Score, Peression Design, Sound Editing, Sound Mis mixing, and Original Screenplay.",the other nominations include best picture director of cinematography cosline design film editing original score peression design sound editing sound mis mixing and original screenplay,0.645113,false
1909,en,en_us,dataset/en/031-1909.wav,virtual teams are held to the same standards of excellence as conventional teams but there are subtle differences,"Virtual teams are held to the same standards of excellence as conventional teams, but there are subtle differences.",16000,1,PCM_16,90240,5.640000,virtual teams are held to the same standards of excellence as conventional teams but there are subtle differences,"Virtual teens are held to the same standard of excellence as conventional teens, but there are subtle differences.",virtual teens are held to the same standard of excellence as conventional teens but there are subtle differences,0.303211,false
1897,en,en_us,dataset/en/032-1897.wav,in the north the region is bounded by the sahel and in the south and west by the atlantic ocean,"In the north the region is bounded by the Sahel, and in the south and west by the Atlantic Ocean.",16000,1,PCM_16,153280,9.580000,in the north the region is bounded by the sahel and in the south and west by the atlantic ocean,"In the north, the region is bounded by this cell hell and in the south and west by the Atlantic Ocean.",in the north the region is bounded by this cell hell and in the south and west by the atlantic ocean,0.373915,false
1680,en,en_us,dataset/en/033-1680.wav,a well rounded athlete the tiger can climb though not well swim leap great distances and pull with five times the force of a strong human,"A well rounded athlete, the tiger can climb (though not well), swim, leap great distances and pull with five times the force of a strong human.",16000,1,PCM_16,163200,10.200000,a well rounded athlete the tiger can climb though not well swim leap great distances and pull with five times the force of a strong human,"A well-rounded athlete, the Tigerkin climb, though not well, swim, leap great distances and pool with five times the force of a strong human.",a well rounded athlete the tigerkin climb though not well swim leap great distances and pool with five times the force of a strong human,0.489896,false
1953,en,en_us,dataset/en/034-1953.wav,he was subsequently relocated to addenbrooke's hospital in cambridge,He was subsequently relocated to Addenbrooke's Hospital in Cambridge.,16000,1,PCM_16,109440,6.840000,he was subsequently relocated to addenbrooke s hospital in cambridge,He was subsequently relocated to Adenbrook's Hospital in Cambridge.,he was subsequently relocated to adenbrook s hospital in cambridge,0.229059,false
1740,en,en_us,dataset/en/035-1740.wav,the pyramid sound and light show is one of the most interesting things in the area for kids,The pyramid sound and light show is one of the most interesting things in the area for kids.,16000,1,PCM_16,133440,8.340000,the pyramid sound and light show is one of the most interesting things in the area for kids,"The Pyramid, Salad and Light Show is one of the most interesting things in the area of the kids.",the pyramid salad and light show is one of the most interesting things in the area of the kids,0.327146,false
1717,en,en_us,dataset/en/036-1717.wav,due to the underwater topology the return flow is concentrated at a few deeper sections and a fast current to deep water may form there,"Due to the underwater topology the return flow is concentrated at a few deeper sections, and a fast current to deep water may form there.",16000,1,PCM_16,174720,10.920000,due to the underwater topology the return flow is concentrated at a few deeper sections and a fast current to deep water may form there,"Due to the underwater topology, the return flow is concentrated at a few deeper sections and a fast current to deep water may form there.",due to the underwater topology the return flow is concentrated at a few deeper sections and a fast current to deep water may form there,0.432848,false
1987,en,en_us,dataset/en/037-1987.wav,the crash occurred high up in mountainous terrain and is believed to have been the result of hostile fire,"The crash occurred high up in mountainous terrain, and is believed to have been the result of hostile fire.",16000,1,PCM_16,157120,9.820000,the crash occurred high up in mountainous terrain and is believed to have been the result of hostile fire,The crash occurred high up in mountainous terrain and is believed to have been the result of hostile fire.,the crash occurred high up in mountainous terrain and is believed to have been the result of hostile fire,0.329478,false
1990,en,en_us,dataset/en/038-1990.wav,blogs can also help improve student writing while students often begin their blog experience with sloppy grammar and spelling the presence of an audience generally changes that,"Blogs can also help improve student writing. While students often begin their blog experience with sloppy grammar and spelling, the presence of an audience generally changes that.",16000,1,PCM_16,140160,8.760000,blogs can also help improve student writing while students often begin their blog experience with sloppy grammar and spelling the presence of an audience generally changes that,Block can also help improve student rating while students often begin their blog experience with sloppy grammar and spelling the presence of an audience generally changes that.,block can also help improve student rating while students often begin their blog experience with sloppy grammar and spelling the presence of an audience generally changes that,0.418682,false
1908,en,en_us,dataset/en/039-1908.wav,this is an important way to distinguish between some verbs and objects,This is an important way to distinguish between some verbs and objects.,16000,1,PCM_16,72000,4.500000,this is an important way to distinguish between some verbs and objects,This is an important way to distinguish between some verbs and objects.,this is an important way to distinguish between some verbs and objects,0.210364,false
1752,en,en_us,dataset/en/040-1752.wav,as a result two fish species have become extinct and two others have become endangered including the humpback chub,"As a result, two fish species have become extinct, and two others have become endangered, including the humpback chub.",16000,1,PCM_16,120960,7.560000,as a result two fish species have become extinct and two others have become endangered including the humpback chub,"As a result, two fish species have become exceed and two others have become endangered including the humpback chub.",as a result two fish species have become exceed and two others have become endangered including the humpback chub,0.348877,false
2005,en,en_us,dataset/en/041-2005.wav,but there are a lot of things about birds that still look like a dinosaur,But there are a lot of things about birds that still look like a dinosaur.,16000,1,PCM_16,92480,5.780000,but there are a lot of things about birds that still look like a dinosaur,But there are a lot of things about birds that still look like a dinosaur.,but there are a lot of things about birds that still look like a dinosaur,0.246107,false
1678,en,en_us,dataset/en/042-1678.wav,oliver sacks in his paper the president's speech indicated how people who are unable to understand speech because of brain damage are nevertheless able to assess sincerity accurately,"Oliver Sacks, in his paper The President's Speech, indicated how people who are unable to understand speech because of brain damage are nevertheless able to assess sincerity accurately.",16000,1,PCM_16,204480,12.780000,oliver sacks in his paper the president s speech indicated how people who are unable to understand speech because of brain damage are nevertheless able to assess sincerity accurately,Oliver Sacks and his papers at President's Speech indicated how people who are unable to understand speech because of brain damage are nevertheless able to assess sincerity accurately.,oliver sacks and his papers at president s speech indicated how people who are unable to understand speech because of brain damage are nevertheless able to assess sincerity accurately,0.501809,false
1701,en,en_us,dataset/en/043-1701.wav,"goats seem to have been first domesticated roughly 10,000 years ago in the zagros mountains of iran","Goats seem to have been first domesticated roughly 10,000 years ago in the Zagros Mountains of Iran.",16000,1,PCM_16,169920,10.620000,goats seem to have been first domesticated roughly 10 000 years ago in the zagros mountains of iran,"Goats seem to have been first domesticated roughly 10,000 years ago in the Zogro's mountains of Iran.",goats seem to have been first domesticated roughly 10 000 years ago in the zogro s mountains of iran,0.401533,false
2001,en,en_us,dataset/en/044-2001.wav,travellers are strongly advised to be aware of any risk of severe weather affecting their area as they may affect any travel plans,Travellers are strongly advised to be aware of any risk of severe weather affecting their area as they may affect any travel plans.,16000,1,PCM_16,117120,7.320000,travellers are strongly advised to be aware of any risk of severe weather affecting their area as they may affect any travel plans,Travelers are strongly advised to be aware of any risk of severe weather affecting their area as they may affect any travel plans.,travelers are strongly advised to be aware of any risk of severe weather affecting their area as they may affect any travel plans,0.370241,false
1991,en,en_us,dataset/en/045-1991.wav,during this period of european history the catholic church which had become rich and powerful came under scrutiny,"During this period of European history, the Catholic Church, which had become rich and powerful, came under scrutiny.",16000,1,PCM_16,182400,11.400000,during this period of european history the catholic church which had become rich and powerful came under scrutiny,"During this period of European history, the Catholic Church, which had become rich and powerful, came under scrutiny.",during this period of european history the catholic church which had become rich and powerful came under scrutiny,0.382355,false
1895,en,en_us,dataset/en/046-1895.wav,as knowledge of greek declined the west found itself cut off from its greek philosophical and scientific roots,"As knowledge of Greek declined, the West found itself cut off from its Greek philosophical and scientific roots.",16000,1,PCM_16,162880,10.180000,as knowledge of greek declined the west found itself cut off from its greek philosophical and scientific roots,"As knowledge of Greek decline, the West found itself cut off from its Greek philosophical and scientific roots.",as knowledge of greek decline the west found itself cut off from its greek philosophical and scientific roots,0.351401,false
1710,en,en_us,dataset/en/047-1710.wav,last week meti announced that apple had informed it of 34 additional overheating incidents which the company called non-serious,"Last week, METI announced that Apple had informed it of 34 additional overheating incidents, which the company called ""non-serious.""",16000,1,PCM_16,145920,9.120000,last week meti announced that apple had informed it of 34 additional overheating incidents which the company called non serious,"Last week, M.M.M.M.M.M.M.M.M.M.M.M.M.M.M.M.M.M.M.M.M.M.M.M.M.M",last week m m m m m m m m m m m m m m m m m m m m m m m m m m,0.770854,false
1975,en,en_us,dataset/en/048-1975.wav,vatican city's population is around 800 it is the smallest independent country in the world and the country with the lowest population,Vatican City's population is around 800. It is the smallest independent country in the world and the country with the lowest population.,16000,1,PCM_16,171840,10.740000,vatican city s population is around 800 it is the smallest independent country in the world and the country with the lowest population,Vatican City population is around 800. This is smallest in the pender country in the world and the population.,vatican city population is around 800 this is smallest in the pender country in the world and the population,0.389148,false
1864,en,en_us,dataset/en/049-1864.wav,mrs kirchner announced her intention to run for president at the argentine theatre the same location she used to start her 2005 campaign for the senate as member of the buenos aires province delegation,"Mrs. Kirchner announced her intention to run for president at the Argentine Theatre, the same location she used to start her 2005 campaign for the Senate as member of the Buenos Aires province delegation.",16000,1,PCM_16,305920,19.120000,mrs kirchner announced her intention to run for president at the argentine theatre the same location she used to start her 2005 campaign for the senate as member of the buenos aires province delegation,"This is Kirchner, announced her intention to run for president at the Argentine Theatre. The same location she used to start her 2005 campaign for the Senate as a member of the Buenos Aires Province delegation.",this is kirchner announced her intention to run for president at the argentine theatre the same location she used to start her 2005 campaign for the senate as a member of the buenos aires province delegation,0.754208,false
1720,en,en_us,dataset/en/050-1720.wav,the hot chocolate is up to belgian standards fruit juices are pricey but excellent,The hot chocolate is up to Belgian standards. Fruit juices are pricey but excellent.,16000,1,PCM_16,102720,6.420000,the hot chocolate is up to belgian standards fruit juices are pricey but excellent,"The hot chocolate is up to Belgian standards. Free cheeses are pricey, but excellent.",the hot chocolate is up to belgian standards free cheeses are pricey but excellent,0.288284,false
