"file","bytes","sha256"
"shared\encoder.weights.bin","433954816","a9199c84d40b8a23a9aabb17975e12942c645e01d952d87b570bfe4a471949fe"
"hi.onnx","2238150","70d473298a1a738681d93996e4dcc860414caa2886b16f9742583ad4be46c1dd"
"languages\hi\tokens.txt","2751","9363d36ac76417b6463020ca82e143427605304ff0e88d84c12e1196fd855d7b"
"gu.onnx","2238153","6a4e24c14c22610520bd4f5664d4dd962d1182e6aa47e6c543cee0df3566b369"
"languages\gu\tokens.txt","2808","cdd9bd6107725c9303be15e995d7b93049231a33ca5088a0ed22a1cd8fd8d27d"
"mr.onnx","2238152","0153d758b76e0b34cc97bcf023918aea6c3222dbd151a15b203aede345e85fcc"
"languages\mr\tokens.txt","2751","5083fe267719c8a1e6f0d2128a183c1acd0439ce3e13b340fbf2c6ce3427c655"
"ta.onnx","2238150","d4d2f4ac0cfd099bda13d62dafd2014a896994e38bd6afb187abedbf967050de"
"languages\ta\tokens.txt","3129","12c04d7358e0b5e46aee23882c9170af1ee49102012f08a8bed356116df895e5"
"te.onnx","2238151","d38226cc774543ee609184d18678f015d09e0676d84ecc4f10fbc3351d8fb1a3"
"languages\te\tokens.txt","2754","e621512935295e78030ebeffbaca6e6bc0c5664003eabb873c69a96f10929458"
"or.onnx","2238149","76a22ac5a7e784357e9d6e89f93306fe1068247b1caa776ae7be09660daf4f6f"
"languages\or\tokens.txt","2818","87521c7ee20e01b8f7eda61b2f7377b6a434293a10811848081b56ef1d3165de"
"bn.onnx","2238152","926fbdd178486c70cd0a87589decfa5956214feabcc2cf1ee9e9be9fd92662a0"
"languages\bn\tokens.txt","2805","4a81f679fc2356bf297306b6a0076326eab4f687415bcbefae45c8dfd8695fbd"
"kn.onnx","2238152","b1b7536dcf4caa9f4fb6f2a4f1c0ab586c33ca547f56193cdcce684c0996a7b7"
"languages\kn\tokens.txt","2886","ad59415d751f5073e73e0f6bf545b9219ada4f10c7127c845fb315d7ae0ddbb3"
"ml.onnx","2238154","0b308e5fd822b19cd651aee79a1550e6a289b9877b83f9d389f532d98b9e5143"
"languages\ml\tokens.txt","2901","b4d8d30cdfcb5aa09bb3bba4a39099cde77941a7a3079d7cf40f44a507183f54"
