language_code,number,original_input,frontend_before,frontend_after,original_dropped_codepoints,repaired_information_preserved_at_tokenizer,warnings,wav_path,wav_sha256,generation_seconds,audio_seconds,remaining_failure,original_wav_path
ta,1,நதியின் நீர்மட்டம் வேகமாக உயர்கிறது. பாதுகாப்பான இடத்திற்குச் செல்லுங்கள்.,நதியின் நீர்மட்டம் வேகமாக உயர்கிறது. பாதுகாப்பான இடத்திற்குச் செல்லுங்கள்.,நதியின் நீர்மட்டம் வேகமாக உயர்கிறது. பாதுகாப்பான இடத்திற்குச் செல்லுங்கள்.,,YES,,tts-research/evidence/ta-indic/repair-20260926/01.wav,52fe45785dd1d5c9aa1c91420fd886b4df71b5650bc1126463f4712f4ea28db8,2.544,7.42,QUALITY UNVERIFIED; PENDING PHONE; weight terms UNKNOWN; Android runtime unproved,D:\iTantra-tts-ta-indic\local-recordings\ta-indic\repair-20260926\01.wav
ta,2,பள்ளி அருகே தீப்பற்றி உள்ளது. தூரமாக இருங்கள்.,பள்ளி அருகே தீப்பற்றி உள்ளது. தூரமாக இருங்கள்.,பள்ளி அருகே தீப்பற்றி உள்ளது. தூரமாக இருங்கள்.,,YES,,tts-research/evidence/ta-indic/repair-20260926/02.wav,82fd875fb96c4ddfc588eba7c287b2521a45b96fa431683ae7b22bce2efccdff,1.765,5.284,QUALITY UNVERIFIED; PENDING PHONE; weight terms UNKNOWN; Android runtime unproved,D:\iTantra-tts-ta-indic\local-recordings\ta-indic\repair-20260926\02.wav
ta,3,சந்தைக்குப் பிறகு இடதுபுறம் திரும்புங்கள்.,சந்தைக்குப் பிறகு இடதுபுறம் திரும்புங்கள்.,சந்தைக்குப் பிறகு இடதுபுறம் திரும்புங்கள்.,,YES,,tts-research/evidence/ta-indic/repair-20260926/03.wav,d974ab827578040482041b34cdedb935ff9a7e84defd0add8084d335da6e5e2a,1.407,3.937,QUALITY UNVERIFIED; PENDING PHONE; weight terms UNKNOWN; Android runtime unproved,D:\iTantra-tts-ta-indic\local-recordings\ta-indic\repair-20260926\03.wav
ta,4,பழைய பாலத்தைக் கடந்து மருத்துவமனை முன் நிற்குங்கள்.,பழைய பாலத்தைக் கடந்து மருத்துவமனை முன் நிற்குங்கள்.,பழைய பாலத்தைக் கடந்து மருத்துவமனை முன் நிற்குங்கள்.,,YES,,tts-research/evidence/ta-indic/repair-20260926/04.wav,62053b1726237efb0de1be3941ebf97ff8a2e2d476aa8cd936c0e7dd79a7bb6f,1.587,4.308,QUALITY UNVERIFIED; PENDING PHONE; weight terms UNKNOWN; Android runtime unproved,D:\iTantra-tts-ta-indic\local-recordings\ta-indic\repair-20260926\04.wav
ta,5,தயவுசெய்து கிராமத்தின் வடக்குப் பகுதிக்கு ஒரு மருத்துவரை அனுப்புங்கள்.,தயவுசெய்து கிராமத்தின் வடக்குப் பகுதிக்கு ஒரு மருத்துவரை அனுப்புங்கள்.,தயவுசெய்து கிராமத்தின் வடக்குப் பகுதிக்கு ஒரு மருத்துவரை அனுப்புங்கள்.,,YES,,tts-research/evidence/ta-indic/repair-20260926/05.wav,69738e539411c598cb23083c33412d3b968870e411d1ca92b1e73ff7367a6c50,1.957,5.248,QUALITY UNVERIFIED; PENDING PHONE; weight terms UNKNOWN; Android runtime unproved,D:\iTantra-tts-ta-indic\local-recordings\ta-indic\repair-20260926\05.wav
ta,6,மூன்று குழந்தைகள் கோவிலில் சிக்கியுள்ளனர். உதவி செய்யுங்கள்.,மூன்று குழந்தைகள் கோவிலில் சிக்கியுள்ளனர். உதவி செய்யுங்கள்.,மூன்று குழந்தைகள் கோவிலில் சிக்கியுள்ளனர். உதவி செய்யுங்கள்.,,YES,,tts-research/evidence/ta-indic/repair-20260926/06.wav,96cdb096fa42cf6c6797f287f004128e0cfff6aa095ba3480a562b9a47f78117,2.03,5.853,QUALITY UNVERIFIED; PENDING PHONE; weight terms UNKNOWN; Android runtime unproved,D:\iTantra-tts-ta-indic\local-recordings\ta-indic\repair-20260926\06.wav
ta,7,இன்று மாலை நாம் வீட்டில் சந்திப்போம்.,இன்று மாலை நாம் வீட்டில் சந்திப்போம்.,இன்று மாலை நாம் வீட்டில் சந்திப்போம்.,,YES,,tts-research/evidence/ta-indic/repair-20260926/07.wav,13ad20633a8e4525c16dac897ea6d8beb1b2ae471c7a97d5f394f52538dd2fd2,1.272,3.507,QUALITY UNVERIFIED; PENDING PHONE; weight terms UNKNOWN; Android runtime unproved,D:\iTantra-tts-ta-indic\local-recordings\ta-indic\repair-20260926\07.wav
ta,8,என் சகோதரன் காலையில் கடைக்குச் செல்வான்.,என் சகோதரன் காலையில் கடைக்குச் செல்வான்.,என் சகோதரன் காலையில் கடைக்குச் செல்வான்.,,YES,,tts-research/evidence/ta-indic/repair-20260926/08.wav,029732e0912d819b7258ec242e3c34eed9e4bb4a952a965137b9b21118ebac26,1.055,3.658,QUALITY UNVERIFIED; PENDING PHONE; weight terms UNKNOWN; Android runtime unproved,D:\iTantra-tts-ta-indic\local-recordings\ta-indic\repair-20260926\08.wav
ta,9,மருந்துக்காக ௧௨ பெட்டிகளை கொண்டு வாருங்கள்.,மருந்துக்காக  பெட்டிகளை கொண்டு வாருங்கள்.,மருந்துக்காக பன்னிரண்டு பெட்டிகளை கொண்டு வாருங்கள்.,U+0BE7 U+0BE8,YES,,tts-research/evidence/ta-indic/repair-20260926/09.wav,ea5ae98a7fb00c5e4b8a61a03f456b7e56888088a01b492e3f87eb686e0ec3c3,1.644,4.505,QUALITY UNVERIFIED; PENDING PHONE; weight terms UNKNOWN; Android runtime unproved,D:\iTantra-tts-ta-indic\local-recordings\ta-indic\repair-20260926\09.wav
ta,10,சென்னையின் அண்ணா சாலையில் என்னை சந்திக்கவும்.,சென்னையின் அண்ணா சாலையில் என்னை சந்திக்கவும்.,சென்னையின் அண்ணா சாலையில் என்னை சந்திக்கவும்.,,YES,,tts-research/evidence/ta-indic/repair-20260926/10.wav,0bbf21b90aa500c30806651d84f2acb1fb3b1c07de0c1531c69d14654677fe11,1.483,4.285,QUALITY UNVERIFIED; PENDING PHONE; weight terms UNKNOWN; Android runtime unproved,D:\iTantra-tts-ta-indic\local-recordings\ta-indic\repair-20260926\10.wav
te,1,నది నీరు వేగంగా పెరుగుతోంది. సురక్షిత ప్రదేశానికి వెళ్లండి.,నది నీరు వేగంగా పెరుగుతోంది. సురక్షిత ప్రదేశానికి వెళ్లండి.,నది నీరు వేగంగా పెరుగుతోంది. సురక్షిత ప్రదేశానికి వెళ్లండి.,,YES,,tts-research/evidence/te-indic/repair-20260926/01.wav,e21fb7e1a46c090d396b8a0051b477870563bb522f9fa24c23d567f6e84b7249,1.961,5.748,QUALITY UNVERIFIED; PENDING PHONE; weight terms UNKNOWN; Android runtime unproved,D:\iTantra-tts-te-indic\local-recordings\te-indic\repair-20260926\01.wav
te,2,పాఠశాల దగ్గర మంటలు చెలరేగాయి. దూరంగా ఉండండి.,పాఠశాల దగ్గర మంటలు చెలరేగాయి. దూరంగా ఉండండి.,పాఠశాల దగ్గర మంటలు చెలరేగాయి. దూరంగా ఉండండి.,,YES,,tts-research/evidence/te-indic/repair-20260926/02.wav,91eee43bbf53aaccf065ac196959b5d22ba9e9e4b9047562bccd0689e77f7da8,1.584,5.18,QUALITY UNVERIFIED; PENDING PHONE; weight terms UNKNOWN; Android runtime unproved,D:\iTantra-tts-te-indic\local-recordings\te-indic\repair-20260926\02.wav
te,3,మార్కెట్ తర్వాత ఎడమవైపు తిరగండి.,మార్కెట్ తర్వాత ఎడమవైపు తిరగండి.,మార్కెట్ తర్వాత ఎడమవైపు తిరగండి.,,YES,,tts-research/evidence/te-indic/repair-20260926/03.wav,5ffe6fe3b4665a794096e4fe0b45c1da744578b0f8e62e85869685e5fe07536a,0.995,2.95,QUALITY UNVERIFIED; PENDING PHONE; weight terms UNKNOWN; Android runtime unproved,D:\iTantra-tts-te-indic\local-recordings\te-indic\repair-20260926\03.wav
te,4,పాత వంతెన దాటి ఆసుపత్రి ముందు ఆగండి.,పాత వంతెన దాటి ఆసుపత్రి ముందు ఆగండి.,పాత వంతెన దాటి ఆసుపత్రి ముందు ఆగండి.,,YES,,tts-research/evidence/te-indic/repair-20260926/04.wav,8b3042b2b091826d371493fe2fef73a18b7debfb2f18a8cdfc158316fd751239,1.136,3.658,QUALITY UNVERIFIED; PENDING PHONE; weight terms UNKNOWN; Android runtime unproved,D:\iTantra-tts-te-indic\local-recordings\te-indic\repair-20260926\04.wav
te,5,దయచేసి గ్రామం ఉత్తర భాగానికి ఒక వైద్యుడిని పంపండి.,దయచేసి గ్రామం ఉత్తర భాగానికి ఒక వైద్యుడిని పంపండి.,దయచేసి గ్రామం ఉత్తర భాగానికి ఒక వైద్యుడిని పంపండి.,,YES,,tts-research/evidence/te-indic/repair-20260926/05.wav,871d22f89db5ae87081eaba7a28e46d88bda560f8861f835ecda9e89ffd20569,1.777,4.958,QUALITY UNVERIFIED; PENDING PHONE; weight terms UNKNOWN; Android runtime unproved,D:\iTantra-tts-te-indic\local-recordings\te-indic\repair-20260926\05.wav
te,6,ముగ్గురు పిల్లలు దేవాలయంలో చిక్కుకున్నారు. సహాయం చేయండి.,ముగ్గురు పిల్లలు దేవాలయంలో చిక్కుకున్నారు. సహాయం చేయండి.,ముగ్గురు పిల్లలు దేవాలయంలో చిక్కుకున్నారు. సహాయం చేయండి.,,YES,,tts-research/evidence/te-indic/repair-20260926/06.wav,d577d91cf6e08eeb728e42a06825ffbb8c0bd1506a22d9596d6d0b0a30ba9d51,1.888,5.4,QUALITY UNVERIFIED; PENDING PHONE; weight terms UNKNOWN; Android runtime unproved,D:\iTantra-tts-te-indic\local-recordings\te-indic\repair-20260926\06.wav
te,7,ఈ సాయంత్రం మనం ఇంట్లో కలుద్దాం.,ఈ సాయంత్రం మనం ఇంట్లో కలుద్దాం.,ఈ సాయంత్రం మనం ఇంట్లో కలుద్దాం.,,YES,,tts-research/evidence/te-indic/repair-20260926/07.wav,54202a4e46a1d4761adf03d866f2f748e3d0126053c611b45a88285721bb1abb,0.782,2.95,QUALITY UNVERIFIED; PENDING PHONE; weight terms UNKNOWN; Android runtime unproved,D:\iTantra-tts-te-indic\local-recordings\te-indic\repair-20260926\07.wav
te,8,నా సోదరుడు ఉదయం దుకాణానికి వెళ్తాడు.,నా సోదరుడు ఉదయం దుకాణానికి వెళ్తాడు.,నా సోదరుడు ఉదయం దుకాణానికి వెళ్తాడు.,,YES,,tts-research/evidence/te-indic/repair-20260926/08.wav,4aa9e4e61f276ba44c2aa5ed3c0c8d770a3539dae41259b466fd598abeb284ed,1.018,2.938,QUALITY UNVERIFIED; PENDING PHONE; weight terms UNKNOWN; Android runtime unproved,D:\iTantra-tts-te-indic\local-recordings\te-indic\repair-20260926\08.wav
te,9,మందుల కోసం ౧౨ పెట్టెలు తీసుకురండి.,మందుల కోసం  పెట్టెలు తీసుకురండి.,మందుల కోసం పన్నెండు పెట్టెలు తీసుకురండి.,U+0C67 U+0C68,YES,,tts-research/evidence/te-indic/repair-20260926/09.wav,e5c1ee6157b0cfc62ead688c974683972e8c8e996a4e4f861d3779f0b376a142,1.374,4.296,QUALITY UNVERIFIED; PENDING PHONE; weight terms UNKNOWN; Android runtime unproved,D:\iTantra-tts-te-indic\local-recordings\te-indic\repair-20260926\09.wav
te,10,హైదరాబాద్‌లోని గాంధీ రోడ్డులో నన్ను కలవండి.,హైదరాబాద్లోని గాంధీ రోడ్డులో నన్ను కలవండి.,హైదరాబాద్లోని గాంధీ రోడ్డులో నన్ను కలవండి.,U+200C,YES,U+200C shaping control removed after Telugu virama; original written form retained in trace,tts-research/evidence/te-indic/repair-20260926/10.wav,33a4090fdfc52f50a3bc51a8ff3257d8426f3b77cdca0e50958b2714619adb6c,1.232,3.693,QUALITY UNVERIFIED; PENDING PHONE; weight terms UNKNOWN; Android runtime unproved,D:\iTantra-tts-te-indic\local-recordings\te-indic\repair-20260926\10.wav
or,1,ନଦୀର ପାଣି ଶୀଘ୍ର ବଢ଼ୁଛି। ସୁରକ୍ଷିତ ସ୍ଥାନକୁ ଯାଆନ୍ତୁ।,ନଦୀର ପାଣି ଶୀଘ୍ର ବଢୁଛି। ସୁରକ୍ଷିତ ସ୍ଥାନକୁ ଯାଆନ୍ତୁ।,ନଦୀର ପାଣି ଶୀଘ୍ର ବଢ଼ୁଛି। ସୁରକ୍ଷିତ ସ୍ଥାନକୁ ଯାଆନ୍ତୁ।,U+0B3C,YES,,tts-research/evidence/or-indic/repair-20260926/01.wav,08e31d16ff828c8b53bc88a0bb5347382fcd00f30ff0b16a576bc42c677716ba,1.726,4.796,QUALITY UNVERIFIED; PENDING PHONE; weight terms UNKNOWN; Android runtime unproved,D:\iTantra-tts-or-indic\local-recordings\or-indic\repair-20260926\01.wav
or,2,ବିଦ୍ୟାଳୟ ନିକଟରେ ନିଆଁ ଲାଗିଛି। ଦୂରେ ରୁହନ୍ତୁ।,ବିଦ୍ୟାଳୟ ନିକଟରେ ନିଆଁ ଲାଗିଛି। ଦୂରେ ରୁହନ୍ତୁ।,ବିଦ୍ୟାଳୟ ନିକଟରେ ନିଆଁ ଲାଗିଛି। ଦୂରେ ରୁହନ୍ତୁ।,,YES,,tts-research/evidence/or-indic/repair-20260926/02.wav,ef6966263b7f9098fa6fb7ef9c3f158efa41084dc706d0a0f5a27460a6f9a1d3,1.448,4.134,QUALITY UNVERIFIED; PENDING PHONE; weight terms UNKNOWN; Android runtime unproved,D:\iTantra-tts-or-indic\local-recordings\or-indic\repair-20260926\02.wav
or,3,ବଜାର ପରେ ବାମକୁ ମୁହଁ ଘୁରାନ୍ତୁ।,ବଜାର ପରେ ବାମକୁ ମୁହଁ ଘୁରାନ୍ତୁ।,ବଜାର ପରେ ବାମକୁ ମୁହଁ ଘୁରାନ୍ତୁ।,,YES,,tts-research/evidence/or-indic/repair-20260926/03.wav,f22ec53696572cbc5489fea5f9c7c42bcafc270915e4d522b19f224ddf4f5c93,1.07,3.252,QUALITY UNVERIFIED; PENDING PHONE; weight terms UNKNOWN; Android runtime unproved,D:\iTantra-tts-or-indic\local-recordings\or-indic\repair-20260926\03.wav
or,4,ପୁରୁଣା ସେତୁ ପାର ହୋଇ ଡାକ୍ତରଖାନା ଆଗରେ ରୁହନ୍ତୁ।,ପୁରୁଣା ସେତୁ ପାର ହୋଇ ଡାକ୍ତରଖାନା ଆଗରେ ରୁହନ୍ତୁ।,ପୁରୁଣା ସେତୁ ପାର ହୋଇ ଡାକ୍ତରଖାନା ଆଗରେ ରୁହନ୍ତୁ।,,YES,,tts-research/evidence/or-indic/repair-20260926/04.wav,0956dd0dd5d2a6b303d7b864493be82fc59041d342a29c0cfa4a89b996c633b4,1.521,4.401,QUALITY UNVERIFIED; PENDING PHONE; weight terms UNKNOWN; Android runtime unproved,D:\iTantra-tts-or-indic\local-recordings\or-indic\repair-20260926\04.wav
or,5,ଦୟାକରି ଗାଁର ଉତ୍ତର ଭାଗକୁ ଜଣେ ଡାକ୍ତର ପଠାନ୍ତୁ।,ଦୟାକରି ଗାଁର ଉତ୍ତର ଭାଗକୁ ଜଣେ ଡାକ୍ତର ପଠାନ୍ତୁ।,ଦୟାକରି ଗାଁର ଉତ୍ତର ଭାଗକୁ ଜଣେ ଡାକ୍ତର ପଠାନ୍ତୁ।,,YES,,tts-research/evidence/or-indic/repair-20260926/05.wav,338e78288af9f02a5c93bafa40977853412ff9011d1f54ea40cda212a1f86802,1.649,4.877,QUALITY UNVERIFIED; PENDING PHONE; weight terms UNKNOWN; Android runtime unproved,D:\iTantra-tts-or-indic\local-recordings\or-indic\repair-20260926\05.wav
or,6,ତିନିଜଣ ପିଲା ମନ୍ଦିରରେ ଅଟକି ରହିଛନ୍ତି। ସାହାଯ୍ୟ କରନ୍ତୁ।,ତିନିଜଣ ପିଲା ମନ୍ଦିରରେ ଅଟକି ରହିଛନ୍ତି। ସାହାଯ୍ୟ କରନ୍ତୁ।,ତିନିଜଣ ପିଲା ମନ୍ଦିରରେ ଅଟକି ରହିଛନ୍ତି। ସାହାଯ୍ୟ କରନ୍ତୁ।,,YES,,tts-research/evidence/or-indic/repair-20260926/06.wav,1db30d17cd9419e2a39300e191aeacbac8898cd9cda702e3f7ab9dc89be6cbb8,1.427,4.796,QUALITY UNVERIFIED; PENDING PHONE; weight terms UNKNOWN; Android runtime unproved,D:\iTantra-tts-or-indic\local-recordings\or-indic\repair-20260926\06.wav
or,7,ଆଜି ସନ୍ଧ୍ୟାରେ ଆମେ ଘରେ ଦେଖା କରିବା।,ଆଜି ସନ୍ଧ୍ୟାରେ ଆମେ ଘରେ ଦେଖା କରିବା।,ଆଜି ସନ୍ଧ୍ୟାରେ ଆମେ ଘରେ ଦେଖା କରିବା।,,YES,,tts-research/evidence/or-indic/repair-20260926/07.wav,70d81d6cfd06eee96aaf4fba133fd35d8319839deddce3e74a98414d151894aa,1.239,3.577,QUALITY UNVERIFIED; PENDING PHONE; weight terms UNKNOWN; Android runtime unproved,D:\iTantra-tts-or-indic\local-recordings\or-indic\repair-20260926\07.wav
or,8,ମୋ ଭାଇ ସକାଳେ ଦୋକାନକୁ ଯିବ।,ମୋ ଭାଇ ସକାଳେ ଦୋକାନକୁ ଯିବ।,ମୋ ଭାଇ ସକାଳେ ଦୋକାନକୁ ଯିବ।,,YES,,tts-research/evidence/or-indic/repair-20260926/08.wav,d50584b2bdba91def60ac8173650dd10f159e14a755e407e40d88ec6eaa0b5bf,1.08,3.228,QUALITY UNVERIFIED; PENDING PHONE; weight terms UNKNOWN; Android runtime unproved,D:\iTantra-tts-or-indic\local-recordings\or-indic\repair-20260926\08.wav
or,9,ଔଷଧ ପାଇଁ ୧୨ଟି ବାକ୍ସ ଆଣନ୍ତୁ।,ଔଷଧ ପାଇଁ ଟି ବାକ୍ସ ଆଣନ୍ତୁ।,ଔଷଧ ପାଇଁ ବାରଟି ବାକ୍ସ ଆଣନ୍ତୁ।,U+0B67 U+0B68,YES,,tts-research/evidence/or-indic/repair-20260926/09.wav,5ed39b8bcf140ee3b51266ad2c387b48c018b953f061bf13d99142cc0cd7ab26,1.012,3.008,QUALITY UNVERIFIED; PENDING PHONE; weight terms UNKNOWN; Android runtime unproved,D:\iTantra-tts-or-indic\local-recordings\or-indic\repair-20260926\09.wav
or,10,ଭୁବନେଶ୍ୱରର ଜନପଥ ରାସ୍ତାରେ ମୋତେ ଭେଟନ୍ତୁ।,ଭୁବନେଶ୍ୱରର ଜନପଥ ରାସ୍ତାରେ ମୋତେ ଭେଟନ୍ତୁ।,ଭୁବନେଶ୍ୱରର ଜନପଥ ରାସ୍ତାରେ ମୋତେ ଭେଟନ୍ତୁ।,,YES,,tts-research/evidence/or-indic/repair-20260926/10.wav,4745773c0dc3ca69c5d48d1a7b50fadd1ee2e18f12e30c89b01a2d0d5f7ac686,1.387,4.122,QUALITY UNVERIFIED; PENDING PHONE; weight terms UNKNOWN; Android runtime unproved,D:\iTantra-tts-or-indic\local-recordings\or-indic\repair-20260926\10.wav
