language_code,candidate,number,draft_text,generation_seconds,audio_seconds,wav_path,wav_sha256,quality,phone,original_wav_path
bn,Indic-TTS,1,নদীর পানি দ্রুত বাড়ছে। নিরাপদ জায়গায় যান।,1.795,4.807,tts-research/evidence/bn-indic/01.wav,848dea0502e137302f78c079051994fe037c1cc3fef6f607e480f845db899478,QUALITY UNVERIFIED — listener needed,PENDING PHONE,D:\iTantra-tts-bn-indic\local-recordings\bn-indic\01.wav
bn,Indic-TTS,2,স্কুলের কাছে আগুন লেগেছে। দূরে থাকুন।,1.365,4.076,tts-research/evidence/bn-indic/02.wav,3bc6d46af9642c291e6a3818b74fd3074a9c57caa5e16594025ba6468342ee18,QUALITY UNVERIFIED — listener needed,PENDING PHONE,D:\iTantra-tts-bn-indic\local-recordings\bn-indic\02.wav
bn,Indic-TTS,3,বাজারের পরের বাঁ দিকে ঘুরুন।,1.421,4.169,tts-research/evidence/bn-indic/03.wav,5d843248767b93d83e00ff09b1497a922715cf02d0adcf4bf6f99716c918aa9e,QUALITY UNVERIFIED — listener needed,PENDING PHONE,D:\iTantra-tts-bn-indic\local-recordings\bn-indic\03.wav
bn,Indic-TTS,4,পুরোনো সেতু পেরিয়ে হাসপাতালের সামনে থামুন।,1.638,4.447,tts-research/evidence/bn-indic/04.wav,d0d7bf911844011c070f814cc49c12e5b98935012c7f68d73087de715e78a6d6,QUALITY UNVERIFIED — listener needed,PENDING PHONE,D:\iTantra-tts-bn-indic\local-recordings\bn-indic\04.wav
bn,Indic-TTS,5,দয়া করে গ্রামের উত্তর দিক থেকে একজন চিকিৎসক পাঠান।,1.926,5.144,tts-research/evidence/bn-indic/05.wav,242758f413359e704e7aa2b547be96a031e56c227e1319d1eba7de7b88e5a597,QUALITY UNVERIFIED — listener needed,PENDING PHONE,D:\iTantra-tts-bn-indic\local-recordings\bn-indic\05.wav
bn,Indic-TTS,6,তিনজন শিশু মন্দিরে আটকা পড়েছে। সাহায্য করুন।,1.61,4.378,tts-research/evidence/bn-indic/06.wav,7f2b7273788071665f83125b426123a93cd6f98950dc40e5a7cd7f000568516a,QUALITY UNVERIFIED — listener needed,PENDING PHONE,D:\iTantra-tts-bn-indic\local-recordings\bn-indic\06.wav
bn,Indic-TTS,7,আজ বিকেলে আমরা বাড়িতে দেখা করব।,1.387,3.948,tts-research/evidence/bn-indic/07.wav,ab97926c0e0de442c353aca6ee8ed75dcc762291ca956db33f812ffec21b45ff,QUALITY UNVERIFIED — listener needed,PENDING PHONE,D:\iTantra-tts-bn-indic\local-recordings\bn-indic\07.wav
bn,Indic-TTS,8,আমার ভাই সকালে দোকানে যাবে।,1.135,3.368,tts-research/evidence/bn-indic/08.wav,5b7eaa27fb3db29226dbfd8c68c7d8ba93715f0b4b6530fedb2b64355f740eb5,QUALITY UNVERIFIED — listener needed,PENDING PHONE,D:\iTantra-tts-bn-indic\local-recordings\bn-indic\08.wav
bn,Indic-TTS,9,ওষুধের জন্য ১২টি বাক্স নিয়ে আসুন।,1.416,4.145,tts-research/evidence/bn-indic/09.wav,f3d777d57db7333dbcb1cdc511527f3e2d44a206ef2594fcaac6a22ac32c54ff,QUALITY UNVERIFIED — listener needed,PENDING PHONE,D:\iTantra-tts-bn-indic\local-recordings\bn-indic\09.wav
bn,Indic-TTS,10,কলকাতার রবীন্দ্র সড়কে আমার সঙ্গে দেখা করুন।,1.685,4.54,tts-research/evidence/bn-indic/10.wav,7885927129804f9c7aa25758c94c7aaa2870689052fc5eaefba365b8b6c578b4,QUALITY UNVERIFIED — listener needed,PENDING PHONE,D:\iTantra-tts-bn-indic\local-recordings\bn-indic\10.wav
gu,Indic-TTS,1,નદીનું પાણી ઝડપથી વધી રહ્યું છે. સુરક્ષિત સ્થળે જાઓ.,2.654,8.593,tts-research/evidence/gu-indic/01.wav,474e77c505ea5493ed836c571470285dfd3a9b180816309df7d3165dedc0f70f,QUALITY UNVERIFIED — listener needed,PENDING PHONE,D:\iTantra-tts-gu-indic\local-recordings\gu-indic\01.wav
gu,Indic-TTS,2,શાળાની પાસે આગ લાગી છે. ત્યાંથી દૂર રહો.,2.26,7.548,tts-research/evidence/gu-indic/02.wav,4c932ed7b66789924d33e24c21aafc8ae98c27c451626627d77970465d1a1710,QUALITY UNVERIFIED — listener needed,PENDING PHONE,D:\iTantra-tts-gu-indic\local-recordings\gu-indic\02.wav
gu,Indic-TTS,3,બજાર પછી ડાબી તરફ વળો.,1.29,4.145,tts-research/evidence/gu-indic/03.wav,97a1fbe019b3daa0f55e8a01f892bcb667ca0579f8451faa1ceb7c1be82962e0,QUALITY UNVERIFIED — listener needed,PENDING PHONE,D:\iTantra-tts-gu-indic\local-recordings\gu-indic\03.wav
gu,Indic-TTS,4,જૂનો પુલ પાર કરીને હોસ્પિટલ સામે ઊભા રહો.,1.892,5.887,tts-research/evidence/gu-indic/04.wav,d5b9f726acfb1f76a808ad268f029dbd2ebd44cd123a531957679a6e9bc95ef4,QUALITY UNVERIFIED — listener needed,PENDING PHONE,D:\iTantra-tts-gu-indic\local-recordings\gu-indic\04.wav
gu,Indic-TTS,5,કૃપા કરીને ગામના ઉત્તર ભાગમાં એક ડૉક્ટર મોકલો.,2.449,7.269,tts-research/evidence/gu-indic/05.wav,62b4c153db4ae81dccc849327706b386551563e0318d5ac571c733ae3b818f52,QUALITY UNVERIFIED — listener needed,PENDING PHONE,D:\iTantra-tts-gu-indic\local-recordings\gu-indic\05.wav
gu,Indic-TTS,6,ત્રણ બાળકો મંદિરમાં ફસાયા છે. મદદ કરો.,1.852,5.795,tts-research/evidence/gu-indic/06.wav,f922bda13b8673e04de20ae34bf9712049ed68f0629a2bb2401655d9cd7de987,QUALITY UNVERIFIED — listener needed,PENDING PHONE,D:\iTantra-tts-gu-indic\local-recordings\gu-indic\06.wav
gu,Indic-TTS,7,આજે સાંજે આપણે ઘરે મળીશું.,1.637,4.935,tts-research/evidence/gu-indic/07.wav,20a0bfc46f1cfeb84f672c355558eb07dba34e0cebcdc8c3084ee9de014b8e10,QUALITY UNVERIFIED — listener needed,PENDING PHONE,D:\iTantra-tts-gu-indic\local-recordings\gu-indic\07.wav
gu,Indic-TTS,8,મારો ભાઈ સવારે દુકાને જશે.,1.518,4.633,tts-research/evidence/gu-indic/08.wav,85a0382c895b062f585bf42b43590b08f9b056264b8d02ed95bb45a6b68e8f1a,QUALITY UNVERIFIED — listener needed,PENDING PHONE,D:\iTantra-tts-gu-indic\local-recordings\gu-indic\08.wav
gu,Indic-TTS,9,દવાઓ માટે ૧૨ બોક્સ લઈને આવો.,1.576,4.865,tts-research/evidence/gu-indic/09.wav,a9e31aaee26eb31b9cc026b414080668fb7309d0b7a11d0bba8876581f16ebb2,QUALITY UNVERIFIED — listener needed,PENDING PHONE,D:\iTantra-tts-gu-indic\local-recordings\gu-indic\09.wav
gu,Indic-TTS,10,અમદાવાદના સરદાર માર્ગ પર મને મળો.,1.601,4.9,tts-research/evidence/gu-indic/10.wav,a5c4f4f24907682e660847d787ae2e89d30edfb6392a694dd254fd5162435e72,QUALITY UNVERIFIED — listener needed,PENDING PHONE,D:\iTantra-tts-gu-indic\local-recordings\gu-indic\10.wav
mr,Indic-TTS,1,नदीचे पाणी वेगाने वाढत आहे. सुरक्षित ठिकाणी जा.,1.742,5.447,tts-research/evidence/mr-indic/01.wav,3077e20c3b31ea8e8cd4241aa08488e8c74b588ae8df985bc1430059a5ce8789,QUALITY UNVERIFIED — listener needed,PENDING PHONE,D:\iTantra-tts-mr-indic\local-recordings\mr-indic\01.wav
mr,Indic-TTS,2,शाळेजवळ आग लागली आहे. तिथून दूर राहा.,1.472,5.18,tts-research/evidence/mr-indic/02.wav,38859bc5dc288d159b87522dfcc4aad2ee5b4bd11cc020dc0a067c09d4279088,QUALITY UNVERIFIED — listener needed,PENDING PHONE,D:\iTantra-tts-mr-indic\local-recordings\mr-indic\02.wav
mr,Indic-TTS,3,बाजारानंतर डावीकडे वळा.,0.989,3.275,tts-research/evidence/mr-indic/03.wav,f9ec77b6ad4e69f6afa8d1b97c20a5917373f70b6e63c6ebfe49593064cabd5d,QUALITY UNVERIFIED — listener needed,PENDING PHONE,D:\iTantra-tts-mr-indic\local-recordings\mr-indic\03.wav
mr,Indic-TTS,4,जुना पूल ओलांडून रुग्णालयासमोर थांबा.,1.431,4.529,tts-research/evidence/mr-indic/04.wav,a1575fd2faade87702f150f955b59c4958b311e0edaa7440a17dc7654249051f,QUALITY UNVERIFIED — listener needed,PENDING PHONE,D:\iTantra-tts-mr-indic\local-recordings\mr-indic\04.wav
mr,Indic-TTS,5,कृपया गावाच्या उत्तरेकडे एक डॉक्टर पाठवा.,1.375,4.262,tts-research/evidence/mr-indic/05.wav,82f8e6474fcfd1996fad338ff87326b3224b05125240c6cbc77327f8137ae15a,QUALITY UNVERIFIED — listener needed,PENDING PHONE,D:\iTantra-tts-mr-indic\local-recordings\mr-indic\05.wav
mr,Indic-TTS,6,तीन मुले मंदिरात अडकली आहेत. मदत करा.,1.356,4.703,tts-research/evidence/mr-indic/06.wav,66eba45a92100571fca8b8edea60ee2bc788c494219eab75703a8effd7770f72,QUALITY UNVERIFIED — listener needed,PENDING PHONE,D:\iTantra-tts-mr-indic\local-recordings\mr-indic\06.wav
mr,Indic-TTS,7,आज संध्याकाळी आपण घरी भेटू.,1.144,3.762,tts-research/evidence/mr-indic/07.wav,f3300f888c95cc591cba400b28edff4b3571e7cf6111edc6a9a45ca44cccfcc1,QUALITY UNVERIFIED — listener needed,PENDING PHONE,D:\iTantra-tts-mr-indic\local-recordings\mr-indic\07.wav
mr,Indic-TTS,8,माझा भाऊ सकाळी दुकानात जाईल.,1.027,3.414,tts-research/evidence/mr-indic/08.wav,debe8f14c7a7feacb2ae45e1cb70d3a1690d656f6f9de1fcd01773b410024772,QUALITY UNVERIFIED — listener needed,PENDING PHONE,D:\iTantra-tts-mr-indic\local-recordings\mr-indic\08.wav
mr,Indic-TTS,9,औषधांसाठी १२ पेट्या घेऊन या.,1.207,3.855,tts-research/evidence/mr-indic/09.wav,e7c46cc80c72e516cfc7cd1175fe3dcc57f0fd1b108da119f6795d2a7c9aac73,QUALITY UNVERIFIED — listener needed,PENDING PHONE,D:\iTantra-tts-mr-indic\local-recordings\mr-indic\09.wav
mr,Indic-TTS,10,पुण्यातील शिवाजी रस्त्यावर मला भेटा.,1.305,4.111,tts-research/evidence/mr-indic/10.wav,7f3f63dfdddbe0835fb8ad4dcd999a3dcbaed18fa12a8f0fce6610565a834a24,QUALITY UNVERIFIED — listener needed,PENDING PHONE,D:\iTantra-tts-mr-indic\local-recordings\mr-indic\10.wav
kn,Indic-TTS,1,ನದಿಯ ನೀರು ವೇಗವಾಗಿ ಏರುತ್ತಿದೆ. ಸುರಕ್ಷಿತ ಸ್ಥಳಕ್ಕೆ ಹೋಗಿ.,2.047,5.934,tts-research/evidence/kn-indic/01.wav,b01d02fedd2fc80a99ed4ceb5dcd5a7e1502891096ada9aefd9ce8ae2a67497c,QUALITY UNVERIFIED — listener needed,PENDING PHONE,D:\iTantra-tts-kn-indic\local-recordings\kn-indic\01.wav
kn,Indic-TTS,2,ಶಾಲೆಯ ಬಳಿ ಬೆಂಕಿ ಕಾಣಿಸಿಕೊಂಡಿದೆ. ದೂರವಿರಿ.,1.687,4.971,tts-research/evidence/kn-indic/02.wav,2bc57f6894c0ba424f1f5df8da8fa30c5672afc939853c18136a71b68f66a55e,QUALITY UNVERIFIED — listener needed,PENDING PHONE,D:\iTantra-tts-kn-indic\local-recordings\kn-indic\02.wav
kn,Indic-TTS,3,ಮಾರುಕಟ್ಟೆಯ ನಂತರ ಎಡಕ್ಕೆ ತಿರುಗಿ.,1.19,3.53,tts-research/evidence/kn-indic/03.wav,f518e841f39bc1bcef6fac7f2e30287b7ad229db4ab8a0901321f9f3cec6c4b4,QUALITY UNVERIFIED — listener needed,PENDING PHONE,D:\iTantra-tts-kn-indic\local-recordings\kn-indic\03.wav
kn,Indic-TTS,4,ಹಳೆಯ ಸೇತುವೆ ದಾಟಿ ಆಸ್ಪತ್ರೆಯ ಮುಂದೆ ನಿಲ್ಲಿ.,1.53,4.354,tts-research/evidence/kn-indic/04.wav,02fbf2c3cb3eebb2912e30ff91a7aae9ebe660a77ef3b9e90c11cb1add604bda,QUALITY UNVERIFIED — listener needed,PENDING PHONE,D:\iTantra-tts-kn-indic\local-recordings\kn-indic\04.wav
kn,Indic-TTS,5,ದಯವಿಟ್ಟು ಗ್ರಾಮದ ಉತ್ತರ ಭಾಗಕ್ಕೆ ವೈದ್ಯರನ್ನು ಕಳುಹಿಸಿ.,1.891,5.156,tts-research/evidence/kn-indic/05.wav,efd26322df7bdc2f9dab496ed3c76029bbdc065d3ce56c6acb0a57dec469bb70,QUALITY UNVERIFIED — listener needed,PENDING PHONE,D:\iTantra-tts-kn-indic\local-recordings\kn-indic\05.wav
kn,Indic-TTS,6,ಮೂರು ಮಕ್ಕಳು ದೇವಾಲಯದಲ್ಲಿ ಸಿಲುಕಿದ್ದಾರೆ. ಸಹಾಯ ಮಾಡಿ.,1.822,5.737,tts-research/evidence/kn-indic/06.wav,09b8e5a68da6692c4a6315ae16e5ce1a43e6b1c7fa1445684abad1798a16d317,QUALITY UNVERIFIED — listener needed,PENDING PHONE,D:\iTantra-tts-kn-indic\local-recordings\kn-indic\06.wav
kn,Indic-TTS,7,ಇಂದು ಸಂಜೆ ನಾವು ಮನೆಯಲ್ಲಿ ಭೇಟಿಯಾಗೋಣ.,1.405,4.157,tts-research/evidence/kn-indic/07.wav,6f152eb808dcf704b18f8704d9f60919985db3116ae170568f873e619a6622e2,QUALITY UNVERIFIED — listener needed,PENDING PHONE,D:\iTantra-tts-kn-indic\local-recordings\kn-indic\07.wav
kn,Indic-TTS,8,ನನ್ನ ಸಹೋದರ ಬೆಳಿಗ್ಗೆ ಅಂಗಡಿಗೆ ಹೋಗುತ್ತಾನೆ.,1.383,4.169,tts-research/evidence/kn-indic/08.wav,56cbeaacaa06f73ed160e2d9d81bc6a8dae94ef45bd7c9f4f58744e69aea7ff7,QUALITY UNVERIFIED — listener needed,PENDING PHONE,D:\iTantra-tts-kn-indic\local-recordings\kn-indic\08.wav
kn,Indic-TTS,9,ಔಷಧಿಗಾಗಿ ೧೨ ಪೆಟ್ಟಿಗೆಗಳನ್ನು ತಂದುಕೊಡಿ.,1.249,3.902,tts-research/evidence/kn-indic/09.wav,af7d2f627ec444d183fb7a16394a5ebb1598bff666efc75d7cf34574dba9a9b5,QUALITY UNVERIFIED — listener needed,PENDING PHONE,D:\iTantra-tts-kn-indic\local-recordings\kn-indic\09.wav
kn,Indic-TTS,10,ಬೆಂಗಳೂರಿನ ಮಹಾತ್ಮ ಗಾಂಧಿ ರಸ್ತೆಯಲ್ಲಿ ನನ್ನನ್ನು ಭೇಟಿ ಮಾಡಿ.,1.831,5.388,tts-research/evidence/kn-indic/10.wav,c337eea327cfe18ba5176d9f8061b114730eef04bece9b82bf393ebdf391f776,QUALITY UNVERIFIED — listener needed,PENDING PHONE,D:\iTantra-tts-kn-indic\local-recordings\kn-indic\10.wav
ml,Piper Arjun,1,നദിയിലെ വെള്ളം വേഗത്തിൽ ഉയരുന്നു. സുരക്ഷിത സ്ഥലത്തേക്ക് പോകുക.,0.412,5.216,tts-research/evidence/ml-arjun/01.wav,cc989960eaa5870dd5581df8a0524cb414b8c278eb3dd17e32e48cc869d5c8e7,QUALITY UNVERIFIED — listener needed,PENDING PHONE,D:\iTantra-tts-ml\local-recordings\ml-arjun\01.wav
ml,Piper Arjun,2,സ്കൂളിന് സമീപം തീപിടിച്ചു. അകലം പാലിക്കുക.,0.269,3.895,tts-research/evidence/ml-arjun/02.wav,41d1fcda85adf057039adbdc005dd26cc76d2f1afcd64494f2c58f1e189435ad,QUALITY UNVERIFIED — listener needed,PENDING PHONE,D:\iTantra-tts-ml\local-recordings\ml-arjun\02.wav
ml,Piper Arjun,3,ചന്ത കഴിഞ്ഞ് ഇടത്തോട്ട് തിരിയുക.,0.178,2.578,tts-research/evidence/ml-arjun/03.wav,3cf0e32ed1340eb2d7fce31f5e1b7a00f56cf334f6c7849f9b36726ce2437f18,QUALITY UNVERIFIED — listener needed,PENDING PHONE,D:\iTantra-tts-ml\local-recordings\ml-arjun\03.wav
ml,Piper Arjun,4,പഴയ പാലം കടന്ന് ആശുപത്രിയുടെ മുന്നിൽ നിൽക്കുക.,0.239,3.531,tts-research/evidence/ml-arjun/04.wav,6509624a4cbea137eb7d43820f3887ceca364eddfd5f0315ab1858febcaccd01,QUALITY UNVERIFIED — listener needed,PENDING PHONE,D:\iTantra-tts-ml\local-recordings\ml-arjun\04.wav
ml,Piper Arjun,5,ദയവായി ഗ്രാമത്തിന്റെ വടക്കുഭാഗത്തേക്ക് ഒരു ഡോക്ടറെ അയയ്ക്കുക.,0.335,5.247,tts-research/evidence/ml-arjun/05.wav,54e9bdc2c3b6885455c529fea8a67441b6e32fff2be4fbb4f899e6dea5fc883e,QUALITY UNVERIFIED — listener needed,PENDING PHONE,D:\iTantra-tts-ml\local-recordings\ml-arjun\05.wav
ml,Piper Arjun,6,മൂന്ന് കുട്ടികൾ ക്ഷേത്രത്തിൽ കുടുങ്ങിയിരിക്കുന്നു. സഹായിക്കുക.,0.288,4.1,tts-research/evidence/ml-arjun/06.wav,c408fbe203b7d665c7636e4f4aeacc0e52acdebae240cc8fdab1e96c51dec788,QUALITY UNVERIFIED — listener needed,PENDING PHONE,D:\iTantra-tts-ml\local-recordings\ml-arjun\06.wav
ml,Piper Arjun,7,ഇന്ന് വൈകുന്നേരം നമുക്ക് വീട്ടിൽ കാണാം.,0.228,3.275,tts-research/evidence/ml-arjun/07.wav,5a9cf4ef435dcf8534a18d83b41bd8624962f8558f5d02b7b1919b14e5051032,QUALITY UNVERIFIED — listener needed,PENDING PHONE,D:\iTantra-tts-ml\local-recordings\ml-arjun\07.wav
ml,Piper Arjun,8,എന്റെ സഹോദരൻ രാവിലെ കടയിലേക്ക് പോകും.,0.222,3.263,tts-research/evidence/ml-arjun/08.wav,580a1c505759a611dee76638436d562b930eebd52d9678c59fedae39e768d051,QUALITY UNVERIFIED — listener needed,PENDING PHONE,D:\iTantra-tts-ml\local-recordings\ml-arjun\08.wav
ml,Piper Arjun,9,മരുന്നിനായി ൧൨ പെട്ടികൾ കൊണ്ടുവരുക.,0.21,2.868,tts-research/evidence/ml-arjun/09.wav,c389b37ba3631bf12eb1bf0942acf3c621753eba3330db3f6deec8faa964b951,QUALITY UNVERIFIED — listener needed,PENDING PHONE,D:\iTantra-tts-ml\local-recordings\ml-arjun\09.wav
ml,Piper Arjun,10,കൊച്ചിയിലെ മഹാത്മാ ഗാന്ധി റോഡിൽ എന്നെ കാണുക.,0.265,4.207,tts-research/evidence/ml-arjun/10.wav,e7fbf4d5ad4eec89935a830c7e8a1453f633b0eef98a0cbe7de088f6d7b19f63,QUALITY UNVERIFIED — listener needed,PENDING PHONE,D:\iTantra-tts-ml\local-recordings\ml-arjun\10.wav
ta,Indic-TTS,1,நதியின் நீர்மட்டம் வேகமாக உயர்கிறது. பாதுகாப்பான இடத்திற்குச் செல்லுங்கள்.,2.675,7.42,tts-research/evidence/ta-indic/01.wav,52fe45785dd1d5c9aa1c91420fd886b4df71b5650bc1126463f4712f4ea28db8,QUALITY UNVERIFIED — listener needed,PENDING PHONE,D:\iTantra-tts-ta-indic\local-recordings\ta-indic\01.wav
ta,Indic-TTS,2,பள்ளி அருகே தீப்பற்றி உள்ளது. தூரமாக இருங்கள்.,1.792,5.284,tts-research/evidence/ta-indic/02.wav,82fd875fb96c4ddfc588eba7c287b2521a45b96fa431683ae7b22bce2efccdff,QUALITY UNVERIFIED — listener needed,PENDING PHONE,D:\iTantra-tts-ta-indic\local-recordings\ta-indic\02.wav
ta,Indic-TTS,3,சந்தைக்குப் பிறகு இடதுபுறம் திரும்புங்கள்.,1.342,3.937,tts-research/evidence/ta-indic/03.wav,d974ab827578040482041b34cdedb935ff9a7e84defd0add8084d335da6e5e2a,QUALITY UNVERIFIED — listener needed,PENDING PHONE,D:\iTantra-tts-ta-indic\local-recordings\ta-indic\03.wav
ta,Indic-TTS,4,பழைய பாலத்தைக் கடந்து மருத்துவமனை முன் நிற்குங்கள்.,1.544,4.308,tts-research/evidence/ta-indic/04.wav,62053b1726237efb0de1be3941ebf97ff8a2e2d476aa8cd936c0e7dd79a7bb6f,QUALITY UNVERIFIED — listener needed,PENDING PHONE,D:\iTantra-tts-ta-indic\local-recordings\ta-indic\04.wav
ta,Indic-TTS,5,தயவுசெய்து கிராமத்தின் வடக்குப் பகுதிக்கு ஒரு மருத்துவரை அனுப்புங்கள்.,1.978,5.248,tts-research/evidence/ta-indic/05.wav,69738e539411c598cb23083c33412d3b968870e411d1ca92b1e73ff7367a6c50,QUALITY UNVERIFIED — listener needed,PENDING PHONE,D:\iTantra-tts-ta-indic\local-recordings\ta-indic\05.wav
ta,Indic-TTS,6,மூன்று குழந்தைகள் கோவிலில் சிக்கியுள்ளனர். உதவி செய்யுங்கள்.,1.936,5.853,tts-research/evidence/ta-indic/06.wav,96cdb096fa42cf6c6797f287f004128e0cfff6aa095ba3480a562b9a47f78117,QUALITY UNVERIFIED — listener needed,PENDING PHONE,D:\iTantra-tts-ta-indic\local-recordings\ta-indic\06.wav
ta,Indic-TTS,7,இன்று மாலை நாம் வீட்டில் சந்திப்போம்.,1.296,3.507,tts-research/evidence/ta-indic/07.wav,13ad20633a8e4525c16dac897ea6d8beb1b2ae471c7a97d5f394f52538dd2fd2,QUALITY UNVERIFIED — listener needed,PENDING PHONE,D:\iTantra-tts-ta-indic\local-recordings\ta-indic\07.wav
ta,Indic-TTS,8,என் சகோதரன் காலையில் கடைக்குச் செல்வான்.,1.049,3.658,tts-research/evidence/ta-indic/08.wav,029732e0912d819b7258ec242e3c34eed9e4bb4a952a965137b9b21118ebac26,QUALITY UNVERIFIED — listener needed,PENDING PHONE,D:\iTantra-tts-ta-indic\local-recordings\ta-indic\08.wav
ta,Indic-TTS,9,மருந்துக்காக ௧௨ பெட்டிகளை கொண்டு வாருங்கள்.,1.353,3.878,tts-research/evidence/ta-indic/09.wav,86dcfaeabc3fcf2ed9c1cf5e294afbfa540b5d01f0781b9f38832f3bbb13ccf5,QUALITY UNVERIFIED — listener needed,PENDING PHONE,D:\iTantra-tts-ta-indic\local-recordings\ta-indic\09.wav
ta,Indic-TTS,10,சென்னையின் அண்ணா சாலையில் என்னை சந்திக்கவும்.,1.517,4.285,tts-research/evidence/ta-indic/10.wav,0bbf21b90aa500c30806651d84f2acb1fb3b1c07de0c1531c69d14654677fe11,QUALITY UNVERIFIED — listener needed,PENDING PHONE,D:\iTantra-tts-ta-indic\local-recordings\ta-indic\10.wav
te,Indic-TTS,1,నది నీరు వేగంగా పెరుగుతోంది. సురక్షిత ప్రదేశానికి వెళ్లండి.,1.929,5.748,tts-research/evidence/te-indic/01.wav,e21fb7e1a46c090d396b8a0051b477870563bb522f9fa24c23d567f6e84b7249,QUALITY UNVERIFIED — listener needed,PENDING PHONE,D:\iTantra-tts-te-indic\local-recordings\te-indic\01.wav
te,Indic-TTS,2,పాఠశాల దగ్గర మంటలు చెలరేగాయి. దూరంగా ఉండండి.,1.591,5.18,tts-research/evidence/te-indic/02.wav,91eee43bbf53aaccf065ac196959b5d22ba9e9e4b9047562bccd0689e77f7da8,QUALITY UNVERIFIED — listener needed,PENDING PHONE,D:\iTantra-tts-te-indic\local-recordings\te-indic\02.wav
te,Indic-TTS,3,మార్కెట్ తర్వాత ఎడమవైపు తిరగండి.,0.988,2.95,tts-research/evidence/te-indic/03.wav,5ffe6fe3b4665a794096e4fe0b45c1da744578b0f8e62e85869685e5fe07536a,QUALITY UNVERIFIED — listener needed,PENDING PHONE,D:\iTantra-tts-te-indic\local-recordings\te-indic\03.wav
te,Indic-TTS,4,పాత వంతెన దాటి ఆసుపత్రి ముందు ఆగండి.,1.202,3.658,tts-research/evidence/te-indic/04.wav,8b3042b2b091826d371493fe2fef73a18b7debfb2f18a8cdfc158316fd751239,QUALITY UNVERIFIED — listener needed,PENDING PHONE,D:\iTantra-tts-te-indic\local-recordings\te-indic\04.wav
te,Indic-TTS,5,దయచేసి గ్రామం ఉత్తర భాగానికి ఒక వైద్యుడిని పంపండి.,1.736,4.958,tts-research/evidence/te-indic/05.wav,871d22f89db5ae87081eaba7a28e46d88bda560f8861f835ecda9e89ffd20569,QUALITY UNVERIFIED — listener needed,PENDING PHONE,D:\iTantra-tts-te-indic\local-recordings\te-indic\05.wav
te,Indic-TTS,6,ముగ్గురు పిల్లలు దేవాలయంలో చిక్కుకున్నారు. సహాయం చేయండి.,1.751,5.4,tts-research/evidence/te-indic/06.wav,d577d91cf6e08eeb728e42a06825ffbb8c0bd1506a22d9596d6d0b0a30ba9d51,QUALITY UNVERIFIED — listener needed,PENDING PHONE,D:\iTantra-tts-te-indic\local-recordings\te-indic\06.wav
te,Indic-TTS,7,ఈ సాయంత్రం మనం ఇంట్లో కలుద్దాం.,0.769,2.95,tts-research/evidence/te-indic/07.wav,54202a4e46a1d4761adf03d866f2f748e3d0126053c611b45a88285721bb1abb,QUALITY UNVERIFIED — listener needed,PENDING PHONE,D:\iTantra-tts-te-indic\local-recordings\te-indic\07.wav
te,Indic-TTS,8,నా సోదరుడు ఉదయం దుకాణానికి వెళ్తాడు.,0.947,2.938,tts-research/evidence/te-indic/08.wav,4aa9e4e61f276ba44c2aa5ed3c0c8d770a3539dae41259b466fd598abeb284ed,QUALITY UNVERIFIED — listener needed,PENDING PHONE,D:\iTantra-tts-te-indic\local-recordings\te-indic\08.wav
te,Indic-TTS,9,మందుల కోసం ౧౨ పెట్టెలు తీసుకురండి.,0.98,3.275,tts-research/evidence/te-indic/09.wav,5b022495c6f694b6e4a32bb2c18f34986684d0c56be998d41135fbc036169128,QUALITY UNVERIFIED — listener needed,PENDING PHONE,D:\iTantra-tts-te-indic\local-recordings\te-indic\09.wav
te,Indic-TTS,10,హైదరాబాద్‌లోని గాంధీ రోడ్డులో నన్ను కలవండి.,1.198,3.693,tts-research/evidence/te-indic/10.wav,33a4090fdfc52f50a3bc51a8ff3257d8426f3b77cdca0e50958b2714619adb6c,QUALITY UNVERIFIED — listener needed,PENDING PHONE,D:\iTantra-tts-te-indic\local-recordings\te-indic\10.wav
or,Indic-TTS,1,ନଦୀର ପାଣି ଶୀଘ୍ର ବଢ଼ୁଛି। ସୁରକ୍ଷିତ ସ୍ଥାନକୁ ଯାଆନ୍ତୁ।,1.673,4.668,tts-research/evidence/or-indic/01.wav,6b8fd809b846ca4a8d2eb7f25b4aac8f63cb60ca24d7547b110759e286335b7c,QUALITY UNVERIFIED — listener needed,PENDING PHONE,D:\iTantra-tts-or-indic\local-recordings\or-indic\01.wav
or,Indic-TTS,2,ବିଦ୍ୟାଳୟ ନିକଟରେ ନିଆଁ ଲାଗିଛି। ଦୂରେ ରୁହନ୍ତୁ।,1.461,4.134,tts-research/evidence/or-indic/02.wav,ef6966263b7f9098fa6fb7ef9c3f158efa41084dc706d0a0f5a27460a6f9a1d3,QUALITY UNVERIFIED — listener needed,PENDING PHONE,D:\iTantra-tts-or-indic\local-recordings\or-indic\02.wav
or,Indic-TTS,3,ବଜାର ପରେ ବାମକୁ ମୁହଁ ଘୁରାନ୍ତୁ।,1.131,3.252,tts-research/evidence/or-indic/03.wav,f22ec53696572cbc5489fea5f9c7c42bcafc270915e4d522b19f224ddf4f5c93,QUALITY UNVERIFIED — listener needed,PENDING PHONE,D:\iTantra-tts-or-indic\local-recordings\or-indic\03.wav
or,Indic-TTS,4,ପୁରୁଣା ସେତୁ ପାର ହୋଇ ଡାକ୍ତରଖାନା ଆଗରେ ରୁହନ୍ତୁ।,1.558,4.401,tts-research/evidence/or-indic/04.wav,0956dd0dd5d2a6b303d7b864493be82fc59041d342a29c0cfa4a89b996c633b4,QUALITY UNVERIFIED — listener needed,PENDING PHONE,D:\iTantra-tts-or-indic\local-recordings\or-indic\04.wav
or,Indic-TTS,5,ଦୟାକରି ଗାଁର ଉତ୍ତର ଭାଗକୁ ଜଣେ ଡାକ୍ତର ପଠାନ୍ତୁ।,1.64,4.877,tts-research/evidence/or-indic/05.wav,338e78288af9f02a5c93bafa40977853412ff9011d1f54ea40cda212a1f86802,QUALITY UNVERIFIED — listener needed,PENDING PHONE,D:\iTantra-tts-or-indic\local-recordings\or-indic\05.wav
or,Indic-TTS,6,ତିନିଜଣ ପିଲା ମନ୍ଦିରରେ ଅଟକି ରହିଛନ୍ତି। ସାହାଯ୍ୟ କରନ୍ତୁ।,1.686,4.796,tts-research/evidence/or-indic/06.wav,1db30d17cd9419e2a39300e191aeacbac8898cd9cda702e3f7ab9dc89be6cbb8,QUALITY UNVERIFIED — listener needed,PENDING PHONE,D:\iTantra-tts-or-indic\local-recordings\or-indic\06.wav
or,Indic-TTS,7,ଆଜି ସନ୍ଧ୍ୟାରେ ଆମେ ଘରେ ଦେଖା କରିବା।,1.221,3.577,tts-research/evidence/or-indic/07.wav,70d81d6cfd06eee96aaf4fba133fd35d8319839deddce3e74a98414d151894aa,QUALITY UNVERIFIED — listener needed,PENDING PHONE,D:\iTantra-tts-or-indic\local-recordings\or-indic\07.wav
or,Indic-TTS,8,ମୋ ଭାଇ ସକାଳେ ଦୋକାନକୁ ଯିବ।,1.041,3.228,tts-research/evidence/or-indic/08.wav,d50584b2bdba91def60ac8173650dd10f159e14a755e407e40d88ec6eaa0b5bf,QUALITY UNVERIFIED — listener needed,PENDING PHONE,D:\iTantra-tts-or-indic\local-recordings\or-indic\08.wav
or,Indic-TTS,9,ଔଷଧ ପାଇଁ ୧୨ଟି ବାକ୍ସ ଆଣନ୍ତୁ।,0.929,2.764,tts-research/evidence/or-indic/09.wav,2e3e6c434b5e929b936e1797880b5da6073656887dcf172b7100656d99deede6,QUALITY UNVERIFIED — listener needed,PENDING PHONE,D:\iTantra-tts-or-indic\local-recordings\or-indic\09.wav
or,Indic-TTS,10,ଭୁବନେଶ୍ୱରର ଜନପଥ ରାସ୍ତାରେ ମୋତେ ଭେଟନ୍ତୁ।,1.358,4.122,tts-research/evidence/or-indic/10.wav,4745773c0dc3ca69c5d48d1a7b50fadd1ee2e18f12e30c89b01a2d0d5f7ac686,QUALITY UNVERIFIED — listener needed,PENDING PHONE,D:\iTantra-tts-or-indic\local-recordings\or-indic\10.wav
